company_name,domain,format,source,confidence,updated_at
1986 Studios,1986studios.com,{first}.{last},inferred,high,2026-03-14T16:14:05.700Z
One Million by One Million (1Mby1M),1mby1m.com,{first},inferred,high,2026-03-14T16:14:05.700Z
1stAveMachine,1stavemachine.com,{first},inferred,high,2026-03-14T16:14:05.700Z
21GRAMS,21gramsworld.com,{first}.{last},fallback,low,2026-03-14T15:56:21.412Z
22squared,22squared.com,{first}.{last},inferred,high,2026-03-14T16:14:05.700Z
"31,000 FT. Ad Agency",31000ft.com,{first},inferred,high,2026-03-14T16:14:05.700Z
3 Advertising,3advertising.com,{f}{last},inferred,high,2026-03-14T16:14:05.700Z
5WPR,5wpr.com,{f}{last},inferred,high,2026-03-14T16:14:05.700Z
71 West,71west.com,{f}{last},inferred,high,2026-03-14T16:14:05.700Z
76research,76research.com,{first},inferred,high,2026-03-14T16:14:05.700Z
9Rooftops,9rooftops.com,{f}{last},inferred,high,2026-03-14T16:14:05.700Z
a16z speedrun,a16z.com,{f}{last},inferred,high,2026-03-14T16:14:05.700Z
A2Z Media Group,a2zmediagroup.com,{f}{last},inferred,high,2026-03-14T16:14:05.700Z
AbelsonTaylor Group,abelsontaylorgroup.com,{first}.{last},inferred,high,2026-03-14T16:14:05.700Z
ABV AGENCY & GALLERY,abvatl.com,{f}{l},inferred,high,2026-03-14T16:14:05.700Z
(add)ventures,addventures.com,{f}{last},inferred,high,2026-03-14T16:14:05.700Z
ADG Creative,adgcreative.net,{first}.{last},fallback,low,2026-03-14T15:56:21.412Z
Adventure House,adventurehousenyc.com,{f}{l},inferred,high,2026-03-14T16:14:05.700Z
A+E Global Media,aegm.com,{first}.{last},inferred,high,2026-03-14T16:14:05.700Z
Afton Klein Group,aftonkleingroup.com,{first},inferred,high,2026-03-14T16:14:05.700Z
Agency Habitat,agencyhabitat.com,{last},inferred,high,2026-03-14T16:14:05.700Z
PJA Marketing + Advertising,agencypja.com,{f}{last},inferred,high,2026-03-14T16:14:05.700Z
The A Group,agroup.com,{f}{last},inferred,high,2026-03-14T16:14:05.700Z
Allison Worldwide,allisonworldwide.com,{first}.{last},inferred,high,2026-03-14T16:14:05.700Z
Ackerman McQueen,am.com,{first}-{last},inferred,high,2026-03-14T16:14:05.700Z
Ampersand Strategies,ampersandstrategies.com,{first},inferred,high,2026-03-14T16:14:05.700Z
The Collective,amyogden.com,{first},inferred,high,2026-03-14T16:14:05.700Z
Analyst Builder,analystbuilder.com,{first},inferred,high,2026-03-14T16:14:05.700Z
Analytical-Solution,analytical-solution.com,{first}.{last},inferred,high,2026-03-14T16:14:05.700Z
Appleyard Duncan McCall,appleyardagency.com,{first},inferred,high,2026-03-14T16:14:05.700Z
ARC Creative,arc-creative.us,{f}{last},inferred,high,2026-03-14T16:14:05.700Z
Arc Worldwide,arcww.com,{first}.{last},inferred,high,2026-03-14T16:14:05.700Z
Arnold Worldwide,arn.com,{first}.{last},inferred,high,2026-03-14T16:14:05.700Z
Astronaut Monastery,astronautmonastery.com,{f}{l},inferred,high,2026-03-14T16:14:05.700Z
Atypikal,atypikal.co,{first}.{last},inferred,high,2026-03-14T16:14:05.700Z
Augustine Agency,augustineagency.com,{f}{last},inferred,high,2026-03-14T16:14:05.700Z
Aura Creative Agency,auraagncy.com,{first},inferred,high,2026-03-14T16:14:05.700Z
AV Squad,avsquad.com,{first}.{last},inferred,high,2026-03-14T16:14:05.700Z
Awakened Films,awakenedfilms.com,{first},inferred,high,2026-03-14T16:14:05.700Z
Awesome Inc,awesomeinc.com,{first}.{last},inferred,high,2026-03-14T16:14:05.700Z
Boyden & Youngblutt - Marketing & Advertising Agency,b-y.net,{first}{l},inferred,high,2026-03-14T16:14:05.700Z
Bake More Pies,bakemorepies.com,{first},inferred,high,2026-03-14T16:14:05.700Z
Ballmer Group,ballmergroup.org,{first}.{last},fallback,low,2026-03-14T15:56:21.412Z
Banner Studios,bannerstudios.com,{f}{last},inferred,high,2026-03-14T16:14:05.700Z
Barkley,barkleyokrp.com,{f}{last},inferred,high,2026-03-14T16:14:05.700Z
BBDO Worldwide,bbdo.com,{first}.{last},inferred,high,2026-03-14T16:14:05.700Z
BBQ Agency,bbqagency.com,{f}{last},inferred,high,2026-03-14T16:14:05.700Z
Be Good Studios,begoodstudios.com,{first},inferred,high,2026-03-14T16:14:05.700Z
Benchworks,benchworks.com,{f}{last},inferred,high,2026-03-14T16:14:05.700Z
Betty,bettyagency.com,{first}.{last},fallback,low,2026-03-14T15:56:21.412Z
Biddyco,biddyco.com,{first},inferred,high,2026-03-14T16:14:05.700Z
Big Day the Agency,bigdaytheagency.com,{first},inferred,high,2026-03-14T16:14:05.700Z
Bigeye,bigeyeagency.com,{first},inferred,high,2026-03-14T16:14:05.700Z
Big Pic,bigpic.com,{f}{last},inferred,high,2026-03-14T16:14:05.700Z
Blackbox Visual,blackboxvisual.com,{first},inferred,high,2026-03-14T16:14:05.700Z
Black Eye: Dallas Branding + Design,blackeyedallas.com,{first},inferred,high,2026-03-14T16:14:05.700Z
Black Math,blackmath.com,{first},inferred,high,2026-03-14T16:14:05.700Z
BlackMatter Creative,blackmattercreative.com,{first},inferred,high,2026-03-14T16:14:05.700Z
Leaubeau Brand Studio,bleecreative.com,{first},inferred,high,2026-03-14T16:14:05.700Z
Blitz Creative Studio,blitzcreative.la,{f}{l},inferred,high,2026-03-14T16:14:05.700Z
Blood & Chocolate Inc.,bloodnchocolate.com,{first},inferred,high,2026-03-14T16:14:05.700Z
Bloomberg,bloomberg.net,{f}{last},inferred,high,2026-03-14T16:14:05.700Z
Blue Bear Creative - Social Media Agency,bluebearcreative.co,{first},inferred,high,2026-03-14T16:14:05.700Z
Blue Integrated Communications LLC,blueintegratedcommunications.com,{first}{last},inferred,high,2026-03-14T16:14:05.700Z
Blur Studio,blur.com,{f}{last},inferred,high,2026-03-14T16:14:05.700Z
Bullseye Media,bmediallc.com,{first},inferred,high,2026-03-14T16:14:05.700Z
Bread n Butter Content Studio,bnbcontentstudio.com,{first},inferred,high,2026-03-14T16:14:05.700Z
"BNO a creative agency (Baldwin & Obenauf, Inc.)",bnoinc.com,{f}{last},inferred,high,2026-03-14T16:14:05.700Z
"Boldium, LLC",boldium.com,{first},inferred,high,2026-03-14T16:14:05.700Z
Bon Aperture Productions,bonapertureproductions.com,{f}{last},inferred,high,2026-03-14T16:14:05.700Z
Bonfire Labs,bonfirelabs.com,{first}.{last},inferred,high,2026-03-14T16:14:05.700Z
Bonfire Red,bonfirered.com,{first},inferred,high,2026-03-14T16:14:05.700Z
Boom Crate Studios,boomcrate.com,{first},inferred,high,2026-03-14T16:14:05.700Z
Born In June Creative Studio,borninjunecreative.com,{first}.{last},fallback,low,2026-03-14T15:56:21.412Z
Brand Apart,brand-apart.com,{first}.{last},inferred,high,2026-03-14T16:14:05.700Z
Brand.co,brand.co,{first},inferred,high,2026-03-14T16:14:05.700Z
Brand Ave. Studios,brandavestudios.com,{f}{last},inferred,high,2026-03-14T16:14:05.700Z
BrandFire,brandfire.com,{first},inferred,high,2026-03-14T16:14:05.700Z
Brave Berlin,braveberlin.com,{first},inferred,high,2026-03-14T16:14:05.700Z
Brazen Animation,brazenanimation.com,{first}.{last},fallback,low,2026-03-14T15:56:21.412Z
Breakout Creative,breakoutcreative.com,{first},inferred,high,2026-03-14T16:14:05.700Z
Brenton Creative,brentoncreative.com,{first},inferred,high,2026-03-14T16:14:05.700Z
Brick City Greenhouse,brickcitygreenhouse.com,{first},inferred,high,2026-03-14T16:14:05.700Z
Brighton Agency,brightonagency.com,{first}.{last},inferred,high,2026-03-14T16:14:05.700Z
Brilliant Creative Agency,brilliantcreativeagency.com,{first},inferred,high,2026-03-14T16:14:05.700Z
Brokaw Inc.,brokaw.com,{f}{last},inferred,high,2026-03-14T16:14:05.700Z
Brook-Schwartz+,brook-schwartzplus.com,{first}.{last},fallback,low,2026-03-14T15:56:21.412Z
Brownstein Group,brownsteingroup.com,{f}{last},inferred,high,2026-03-14T16:14:05.700Z
Buchanan Public Relations,buchananpr.com,{first}.{last},inferred,high,2026-03-14T16:14:05.700Z
BUCK,buck.co,{first}.{last},inferred,high,2026-03-14T16:14:05.700Z
bvk,bvk.com,{first}.{last},inferred,high,2026-03-14T16:14:05.700Z
BZA Public Relations (Brener Zwikel & Associates),bzapr.com,{first}{l},inferred,high,2026-03-14T16:14:05.700Z
Campbell Ewald,c-e.com,{first}.{last},inferred,high,2026-03-14T16:14:05.700Z
Capital A,capitalacreative.com,{first},inferred,high,2026-03-14T16:14:05.700Z
Carmichael Lynch,carmichaellynch.com,{first}.{last},fallback,low,2026-03-14T15:56:21.412Z
Carousel,carousel.co,{first},inferred,high,2026-03-14T16:14:05.700Z
Carpool Creative Agency,carpoolcreative.com,{first},inferred,high,2026-03-14T16:14:05.700Z
CARTEL Editing & Post-Production,cartel.tv,{first},inferred,high,2026-03-14T16:14:05.700Z
Casanova//McCann,casanova.com,{first}.{last},inferred,high,2026-03-14T16:14:05.700Z
CashmanKatz,cashmankatz.com,{first}{l},inferred,high,2026-03-14T16:14:05.700Z
CB Communications,cbeecommunications.com,{first}.{last},fallback,low,2026-03-14T15:56:21.412Z
CenterRock Advertising,centerrockadvertising.com,{first},inferred,high,2026-03-14T16:14:05.700Z
ChappellRoberts,chappellroberts.com,{f}{last},inferred,high,2026-03-14T16:14:05.700Z
Chemistry,chemistryagency.com,{f}{last},inferred,high,2026-03-14T16:14:05.700Z
Chernoff Newman,chernoffnewman.com,{first}.{last},inferred,high,2026-03-14T16:14:05.700Z
CIVIC,civic-us.com,{first}.{last},inferred,high,2026-03-14T16:14:05.700Z
CJRW,cjrw.com,{first}.{last},inferred,high,2026-03-14T16:14:05.700Z
Clark Creative Group,clarkcreativegroup.com,{first},inferred,high,2026-03-14T16:14:05.700Z
Clark Wolf Company Inc,clarkwolfcompany.com,{first}{last},inferred,high,2026-03-14T16:14:05.700Z
Conscious Minds,cm.studio,{first},inferred,high,2026-03-14T16:14:05.700Z
CNET Group,cnetgroup.com,{first}.{last},fallback,low,2026-03-14T15:56:21.412Z
Code.org,code.org,{first}_{last},inferred,high,2026-03-14T16:14:05.700Z
ColinKurtis Advertising,colinkurtis.com,{first},inferred,high,2026-03-14T16:14:05.700Z
Colorbars Creative Agency,colorbars.com,{first},inferred,high,2026-03-14T16:14:05.700Z
Colorspace Labs,colorspacelabs.com,{first}.{last},fallback,low,2026-03-14T15:56:21.412Z
Company 8 Ad Group,company8adgroup.com,{first}.{last},fallback,low,2026-03-14T15:56:21.412Z
Concept A Creative Studio,conceptacreative.com,{first},inferred,high,2026-03-14T16:14:05.700Z
Consulate NYC,consulatenyc.com,{first},inferred,high,2026-03-14T16:14:05.700Z
Copper & Heat,copperandheat.com,{first},inferred,high,2026-03-14T16:14:05.700Z
Core-Rx Communications,core-rx.com,{f}{last},inferred,high,2026-03-14T16:14:05.700Z
Cove Creative Studio,covecreativestudio.com,{first},inferred,high,2026-03-14T16:14:05.700Z
Cramer,cramer.com,{f}{last},inferred,high,2026-03-14T16:14:05.700Z
Create,createadvertising.com,{first}.{last},inferred,high,2026-03-14T16:14:05.700Z
Creo Collective,creocollective.io,{f}{last},inferred,high,2026-03-14T16:14:05.700Z
Crispy Chicken Social Media Agency,crispychicken.co,{first},inferred,high,2026-03-14T16:14:05.700Z
Crosley+Company,crosleycompany.com,{f}{last},inferred,high,2026-03-14T16:14:05.700Z
CrowdPharm,crowdpharm.com,{first}{last},inferred,high,2026-03-14T16:14:05.700Z
Crowley Webb,crowleywebb.com,{first}.{last},inferred,high,2026-03-14T16:14:05.700Z
CYLNDR Studios,cylndr.com,{first}.{last},inferred,high,2026-03-14T16:14:05.700Z
Cynosure Creative Agency,cynosureca.com,{first},inferred,high,2026-03-14T16:14:05.700Z
Day One Agency,d1a.com,{first},inferred,high,2026-03-14T16:14:05.700Z
D4 Creative Group,d4creative.com,{last},inferred,high,2026-03-14T16:14:05.700Z
"Daily Planet Productions, Ltd.",dailyplanetltd.com,{first},inferred,high,2026-03-14T16:14:05.700Z
Datalily,datalily.com,{first}.{last},fallback,low,2026-03-14T15:56:21.412Z
Davis Ad Agency,davisadagency.com,{f}{last},inferred,high,2026-03-14T16:14:05.700Z
DDB,ddb.com,{first}.{last},inferred,high,2026-03-14T16:14:05.700Z
Deep Focus,deepfocus.agency,{first}.{last},inferred,high,2026-03-14T16:14:05.700Z
Deep Fried Advertising,deepfried.com,{first},inferred,high,2026-03-14T16:14:05.700Z
Del Sur Creative Agency,delsurcreative.com,{first},inferred,high,2026-03-14T16:14:05.700Z
Demetre Design,demetre.design,{first},inferred,high,2026-03-14T16:14:05.700Z
Deutsch,deutsch.com,{first}.{last},inferred,high,2026-03-14T16:14:05.700Z
DEVRIES GLOBAL,devriesglobal.com,{f}{last},inferred,high,2026-03-14T16:14:05.700Z
Dezeen,dezeen.com,{first},inferred,high,2026-03-14T16:14:05.700Z
Digital HQ,dgtlhq.com,{first},inferred,high,2026-03-14T16:14:05.700Z
DHD Films,dhdfilms.com,{first}.{last},inferred,high,2026-03-14T16:14:05.700Z
Diesel Jack Media,dieseljackmedia.com,{first},inferred,high,2026-03-14T16:14:05.700Z
"Digital Sound & Video, Inc.",digitalsoundandvideo.com,{first},inferred,high,2026-03-14T16:14:05.700Z
Digitas North America,digitas.com,{first}.{last},inferred,high,2026-03-14T16:14:05.700Z
DLP Media Group,dlpmediagroup.com,{f}{last},inferred,high,2026-03-14T16:14:05.700Z
DNA&STONE,dnaandstone.com,{first}.{last},fallback,low,2026-03-14T15:56:21.412Z
Doner,doner.com,{f}{last},inferred,high,2026-03-14T16:14:05.700Z
Doubleday & Cartwright,doubledayandcartwright.com,{first},inferred,high,2026-03-14T16:14:05.700Z
DoubleShot Creative,doubleshotcreative.com,{first},inferred,high,2026-03-14T16:14:05.700Z
Hyman Health,drhyman.com,{first},inferred,high,2026-03-14T16:14:05.700Z
Drive Advertising,driveadvertising.com,{first},inferred,high,2026-03-14T16:14:05.700Z
D S Simon Media,dssimon.com,{first}.{last},fallback,low,2026-03-14T15:56:21.412Z
Duggal Visual Solutions,duggal.com,{first}.{last},inferred,high,2026-03-14T16:14:05.700Z
dvk,dvkmarketing.com,{first},inferred,high,2026-03-14T16:14:05.700Z
ECHOS Brand Communications,echoscomm.com,{first},inferred,high,2026-03-14T16:14:05.700Z
Edelman,edelman.com,{first}.{last},inferred,high,2026-03-14T16:14:05.700Z
Eighty2degrees Design Studio,eighty2degrees.com,{first},inferred,high,2026-03-14T16:14:05.700Z
El Autobus Anchor,elautobus.com,{first}.{last},fallback,low,2026-03-14T15:56:21.412Z
Elevate Healthcare Marketing,elevatehc.com,{f}{last},inferred,high,2026-03-14T16:14:05.700Z
Elixir Design,elixirdesign.com,{f}{l},inferred,high,2026-03-14T16:14:05.700Z
El Puerto Agency®,elpuertoagency.com,{first},inferred,high,2026-03-14T16:14:05.700Z
en mode design,enmodedesign.com,{first},inferred,high,2026-03-14T16:14:05.700Z
EP+Co,epandco.com,{first}.{last},fallback,low,2026-03-14T15:56:21.412Z
Epoch Advertising Agency,epoch-adv.com,{f}{last},inferred,high,2026-03-14T16:14:05.700Z
Ethos Creative Studios,ethosstudios.com,{first},inferred,high,2026-03-14T16:14:05.700Z
EVERSANA INTOUCH,eversanaintouch.com,{first}.{last},fallback,low,2026-03-14T15:56:21.412Z
Evolve Studios®,evolve.studio,{first},inferred,high,2026-03-14T16:14:05.700Z
Eyedea Advertising & Design Studio,eyedea.com,{first},inferred,high,2026-03-14T16:14:05.700Z
FalkHarrison,falkharrison.com,{f}{last},inferred,high,2026-03-14T16:14:05.700Z
"Fancy, LLC",fancynyc.com,{first}{last},inferred,high,2026-03-14T16:14:05.700Z
FCB Global,fcb.com,{first}.{last},inferred,high,2026-03-14T16:14:05.700Z
FCB Health New York,fcbhealthny.com,{first}.{last},fallback,low,2026-03-14T15:56:21.412Z
Fifth Element,fifthelement.nyc,{first}.{last},inferred,high,2026-03-14T16:14:05.700Z
First Media US,first.media,{f}{last},inferred,high,2026-03-14T16:14:05.700Z
Fish Eggs,fisheggs.tv,{first},inferred,high,2026-03-14T16:14:05.700Z
FiveWest Interiors,fivewestinteriors.com,{first},inferred,high,2026-03-14T16:14:05.700Z
FleishmanHillard,fleishmanhillard.com,{first}.{last},fallback,low,2026-03-14T15:56:21.412Z
Flying Machine,flyingmachine.tv,{first},inferred,high,2026-03-14T16:14:05.700Z
Follow the Leader,followtheleader.work,{first},inferred,high,2026-03-14T16:14:05.700Z
Fortress Studios,fortress.la,{f}{l},inferred,high,2026-03-14T16:14:05.700Z
Four Winds Creative - Helping tech companies stand out through outstanding video content,fourwindscreative.com,{first},inferred,high,2026-03-14T16:14:05.700Z
Future of Privacy Forum,fpf.org,{first}.{last},fallback,low,2026-03-14T15:56:21.412Z
FRAME,frame-store.com,{first}.{last},fallback,low,2026-03-14T15:56:21.412Z
Franc,franc.tv,{first},inferred,high,2026-03-14T16:14:05.700Z
Fresh Tape Media,freshtapemedia.com,{first},inferred,high,2026-03-14T16:14:05.700Z
FWD People,fwdpeople.com,{first}.{last},inferred,high,2026-03-14T16:14:05.700Z
GEM et AL,gem-etal.com,{first},inferred,high,2026-03-14T16:14:05.700Z
Generator Automotive Media,generatorautomedia.com,{first}.{last},fallback,low,2026-03-14T15:56:21.412Z
Glasgow Financial Alliance for Net Zero (GFANZ),gfanzero.com,{f}{last},inferred,high,2026-03-14T16:14:05.700Z
GH,ghadv.com,{first}.{last},fallback,low,2026-03-14T15:56:21.412Z
gira{ph},giraphcu.com,{first},inferred,high,2026-03-14T16:14:05.700Z
Girls With Impact,girlswithimpact.org,{first}.{last},fallback,low,2026-03-14T15:56:21.412Z
GNNR,gnnrcompany.com,{first}.{last},inferred,high,2026-03-14T16:14:05.700Z
Golin,golin.com,{f}{last},inferred,high,2026-03-14T16:14:05.700Z
Good Secrets,goodsecrets.co,{first},inferred,high,2026-03-14T16:14:05.700Z
goPOP FILMS,gopopfilms.com,{first},inferred,high,2026-03-14T16:14:05.700Z
GrandSon Creative,grandsonla.com,{f}{last},inferred,high,2026-03-14T16:14:05.700Z
Grand Union Creative,grandunioncreative.com,{first},inferred,high,2026-03-14T16:14:05.700Z
Grayson Sky,graysonsky.com,{first},inferred,high,2026-03-14T16:14:05.700Z
Greenough Communications,greenoughagency.com,{f}{last},inferred,high,2026-03-14T16:14:05.700Z
Grooters,grooters.us,{first}.{last},fallback,low,2026-03-14T15:56:21.412Z
Group Project,groupproject.studio,{first},inferred,high,2026-03-14T16:14:05.700Z
FARM Marketing Agency,growwithfarm.com,{first}.{last},fallback,low,2026-03-14T15:56:21.412Z
GSD&M,gsdm.com,{first}.{last},inferred,high,2026-03-14T16:14:05.700Z
"GSW, powered by Syneos Health",gsw-w.com,{first}.{last},fallback,low,2026-03-14T15:56:21.412Z
Guggenheim Architecture + Design Studio,guggenheimstudio.com,{first},inferred,high,2026-03-14T16:14:05.700Z
Havas Life Chelsea,h4bchelsea.com,{first}.{last},fallback,low,2026-03-14T15:56:21.412Z
HangarFour Creative,hangarfour.co,{first}_{last},inferred,high,2026-03-14T16:14:05.700Z
Hart & Highland,hartandhighland.com,{first},inferred,high,2026-03-14T16:14:05.700Z
Harvest Creative Services,harvestcreativeservices.com,{first},inferred,high,2026-03-14T16:14:05.700Z
Hashtag Creative Co,hashtagcreative.co,{first},inferred,high,2026-03-14T16:14:05.700Z
Harvard Business Review,hbr.org,{f}{last},inferred,high,2026-03-14T16:14:05.700Z
Harvard Business School,hbs.edu,{f}{last},inferred,high,2026-03-14T16:14:05.700Z
Healthcare Success,healthcaresuccess.com,{f}{last},inferred,high,2026-03-14T16:14:05.700Z
Catbird Creative Agency,hellocatbird.com,{f}{last},inferred,high,2026-03-14T16:14:05.700Z
Hornet,hellohornet.com,{first},inferred,high,2026-03-14T16:14:05.700Z
PRISMATIC,helloprismatic.com,{first},inferred,high,2026-03-14T16:14:05.700Z
Carbon,heycarbon.com,{f}{last},inferred,high,2026-03-14T16:14:05.700Z
GYK,heygyk.com,{first}.{last},fallback,low,2026-03-14T15:56:21.412Z
Kickstand - Marketing and Advertising,heykickstand.com,{first},inferred,high,2026-03-14T16:14:05.700Z
Hill Holliday,hhcc.com,{first}.{last},inferred,high,2026-03-14T16:14:05.700Z
Hitch,hitch.co,{first},inferred,high,2026-03-14T16:14:05.700Z
Hoff Studios,hoffstudios.com,{first}.{last},inferred,high,2026-03-14T16:14:05.700Z
Holden Ellis,holdenellis.com,{first},inferred,high,2026-03-14T16:14:05.700Z
Hold Fast & Co,holdfast-co.com,{first},inferred,high,2026-03-14T16:14:05.700Z
House of Parliament,houseofparliament.com,{first},inferred,high,2026-03-14T16:14:05.700Z
HouseSpecial,housespecial.com,{first},inferred,high,2026-03-14T16:14:05.700Z
Hunt Adkins,huntadkins.com,{f}{last},inferred,high,2026-03-14T16:14:05.700Z
ICON Creative Agency,iconcreative.agency,{first},inferred,high,2026-03-14T16:14:05.700Z
ID,id-pr.com,{f}{last},inferred,high,2026-03-14T16:14:05.700Z
Idea Peddler,ideapeddler.com,{first},inferred,high,2026-03-14T16:14:05.700Z
Ideas Collide,ideascollide.com,{first},inferred,high,2026-03-14T16:14:05.700Z
IHEARTCOMIX,iheartcomix.com,{first},inferred,high,2026-03-14T16:14:05.700Z
Ilona Creative Studio,ilona.studio,{first},inferred,high,2026-03-14T16:14:05.700Z
Imaginary Forces,imaginaryforces.com,{first}.{last},inferred,high,2026-03-14T16:14:05.700Z
Imagine It! Media,imagineitmedia.com,{first},inferred,high,2026-03-14T16:14:05.700Z
Imre,imre.com,{first}{l},inferred,high,2026-03-14T16:14:05.700Z
Indie Atlantic Films,indieatlantic.com,{first}.{last},fallback,low,2026-03-14T15:56:21.412Z
indigenous,indigenousmedia.com,{f}{last},inferred,high,2026-03-14T16:14:05.700Z
Industrial Color,industrialcolor.com,{f}{last},inferred,high,2026-03-14T16:14:05.700Z
"Insight Creative, Inc.",insightcreative.com,{first},inferred,high,2026-03-14T16:14:05.700Z
Invert Agency LLC,invertagency.com,{first},inferred,high,2026-03-14T16:14:05.700Z
"It's Personal Stories, A Hospitality Podcast",itspersonalstories.com,{first}.{last},fallback,low,2026-03-14T15:56:21.412Z
IV Studio,iv.studio,{first},inferred,high,2026-03-14T16:14:05.700Z
"J3 Productions, Inc",j3productions.com,{first},inferred,high,2026-03-14T16:14:05.700Z
Jacques,jacques.com,{first}.{last},inferred,high,2026-03-14T16:14:05.700Z
JLPR,jlpr.com,{first},inferred,high,2026-03-14T16:14:05.700Z
JMG Public Relations,jmgpublicrelations.com,{first}.{last},fallback,low,2026-03-14T15:56:21.412Z
JOAN Studios,joan-studios.com,{first},inferred,high,2026-03-14T16:14:05.700Z
JOSHUA MILLER | Executive Leadership Coach,joshhmiller.com,{first}.{last},fallback,low,2026-03-14T15:56:21.412Z
J.P. Morgan,jpmorgan.com,{first}.{last},inferred,high,2026-03-14T16:14:05.700Z
J.Schmid,jschmid.com,{first}{l},inferred,high,2026-03-14T16:14:05.700Z
JSP DESIGN STUDIO,jspdesignstudio.com,{f}{last},inferred,high,2026-03-14T16:14:05.700Z
jSQ CREATIVE AGENCY LLC,jsqcreativeagency.com,{first},inferred,high,2026-03-14T16:14:05.700Z
JUICE Creative Group,juicecg.com,{first},inferred,high,2026-03-14T16:14:05.700Z
Juul Labs,juullabs.com,{first}.{last},fallback,low,2026-03-14T15:56:21.412Z
Jyra Films,jyrafilms.com,{first}.{last},fallback,low,2026-03-14T15:56:21.412Z
Kalmbach Media,kalmbach.com,{f}{last},inferred,high,2026-03-14T16:14:05.700Z
Kern Collective,kerncollective.com,{first},inferred,high,2026-03-14T16:14:05.700Z
Khan Academy,khanacademy.org,{f}{last},inferred,high,2026-03-14T16:14:05.700Z
KHROME,khromeagency.com,{first},inferred,high,2026-03-14T16:14:05.700Z
KidGlov,kidglov.com,{first}.{last},inferred,high,2026-03-14T16:14:05.700Z
Kinopicz American,kinopicz.com,{first}.{last},fallback,low,2026-03-14T15:56:21.412Z
KNOCK Inc.,knockinc.com,{first}.{last},inferred,high,2026-03-14T16:14:05.700Z
Knotch,knotch.com,{first}.{last},fallback,low,2026-03-14T15:56:21.412Z
"KO-MAR Productions, Inc.",ko-mar.com,{first},inferred,high,2026-03-14T16:14:05.700Z
Lawrence & Schiller,l-s.com,{first}.{last},inferred,high,2026-03-14T16:14:05.700Z
LAB Public Relations LLC,labpublicrelations.com,{first}.{last},fallback,low,2026-03-14T15:56:21.412Z
Latcha,latcha.com,{first}{l},inferred,high,2026-03-14T16:14:05.700Z
LAUNDRY,laundry.studio,{first}.{last},fallback,low,2026-03-14T15:56:21.412Z
LAVIDGE,lavidge.com,{f}{last},inferred,high,2026-03-14T16:14:05.700Z
Leap Group,leapgroupnetwork.com,{f}{last},inferred,high,2026-03-14T16:14:05.700Z
The Lede Company,ledecompany.com,{first}.{last},inferred,high,2026-03-14T16:14:05.700Z
John Lennon Educational Tour Bus,lennonbus.org,{first},inferred,high,2026-03-14T16:14:05.700Z
Leo Burnett,leoburnett.com,{first}.{last},inferred,high,2026-03-14T16:14:05.700Z
The LEPR Agency,lepragency.com,{first}.{last},fallback,low,2026-03-14T15:56:21.412Z
LEROY & ROSE,leroyandrose.com,{first},inferred,high,2026-03-14T16:14:05.700Z
Leverage - Creative Agency,leveragestl.com,{first},inferred,high,2026-03-14T16:14:05.700Z
Lewis,lewiscommunications.com,{first},inferred,high,2026-03-14T16:14:05.700Z
Link9,link9.com,{f}{last},inferred,high,2026-03-14T16:14:05.700Z
Littlefield Agency,littlefieldagency.com,{f}{last},inferred,high,2026-03-14T16:14:05.700Z
LiveWorld,liveworld.com,{f}{last},inferred,high,2026-03-14T16:14:05.700Z
LocalEyes Video Production,localeyesit.com,{first},inferred,high,2026-03-14T16:14:05.700Z
LT,lt.agency,{first}.{last},fallback,low,2026-03-14T15:56:21.412Z
LULO DESIGN STUDIO,lulodesignstudio.com,{first},inferred,high,2026-03-14T16:14:05.700Z
Lure Digital,luredigital.com,{first}.{last},fallback,low,2026-03-14T15:56:21.412Z
Macias Creative,maciascreative.com,{first},inferred,high,2026-03-14T16:14:05.700Z
Thread,madebythread.com,{first},inferred,high,2026-03-14T16:14:05.700Z
Marks,makemarks.com,{first}.{last},inferred,high,2026-03-14T16:14:05.700Z
Malka,malkamedia.com,{first}.{last},inferred,high,2026-03-14T16:14:05.700Z
Mallard Agency,mallardagency.com,{first},inferred,high,2026-03-14T16:14:05.700Z
Mandalay Entertainment Group,mandalay.com,{first}{l},inferred,high,2026-03-14T16:14:05.700Z
Manifest,manifest.com,{first}.{last},inferred,high,2026-03-14T16:14:05.700Z
345 MARKETING,mark345.com,{f}{last},inferred,high,2026-03-14T16:14:05.700Z
"Marketing Performance, LLC",marketingperformance.net,{first}.{last},fallback,low,2026-03-14T15:56:21.412Z
Marketoonist,marketoonist.com,{first},inferred,high,2026-03-14T16:14:05.700Z
Markus Drew Creative Agency,markusdrew.com,{first},inferred,high,2026-03-14T16:14:05.700Z
Marlin Connections,marlinconnections.net,{first}.{last},fallback,low,2026-03-14T15:56:21.412Z
Mars,mars.com,{first}.{last},fallback,low,2026-03-14T15:56:21.412Z
MARTIN*,martinagency.com,{first}.{last},inferred,high,2026-03-14T16:14:05.700Z
MBB,mbbagency.com,{f}{last},inferred,high,2026-03-14T16:14:05.700Z
Mediabrands Content Studio,mbcsww.com,{first}.{last},inferred,high,2026-03-14T16:14:05.700Z
M Booth,mbooth.com,{first}{l},inferred,high,2026-03-14T16:14:05.700Z
McCANN New York,mccannny.com,{first}.{last},fallback,low,2026-03-14T15:56:21.412Z
mdg,mdg.agency,{first},inferred,high,2026-03-14T16:14:05.700Z
Meadowlark Media,meadowlark-media.com,{first}.{last},fallback,low,2026-03-14T15:56:21.412Z
Mediaboom Hotel Marketing Agency,mediaboom.com,{f}{last},inferred,high,2026-03-14T16:14:05.700Z
Media Grabbers,mediagrabbers.com,{first},inferred,high,2026-03-14T16:14:05.700Z
MediaVision Creative,mediavisioncreative.com,{f}{last},inferred,high,2026-03-14T16:14:05.700Z
MEISTER,meister.tv,{first},inferred,high,2026-03-14T16:14:05.700Z
Melon Pan Media,melonpanmedia.com,{first}.{last},fallback,low,2026-03-14T15:56:21.412Z
Menace Studios,menacestudios.com,{first}.{last},fallback,low,2026-03-14T15:56:21.412Z
Metacademy,metacademy.it,{first}.{last},fallback,low,2026-03-14T15:56:21.412Z
"MGH, Inc.",mghus.com,{f}{last},inferred,high,2026-03-14T16:14:05.700Z
MH Media Strategies,mhmediastrategies.com,{first},inferred,high,2026-03-14T16:14:05.700Z
Millennial Marketing Agency,millennialmarketingag.com,{first},inferred,high,2026-03-14T16:14:05.700Z
"MillerVolpe, Inc.",millervolpe.com,{f}{last},inferred,high,2026-03-14T16:14:05.700Z
MKR,mkragency.com,{f}{last},inferred,high,2026-03-14T16:14:05.700Z
"MLC Expert Consulting, LLC | Top Marketing Agency",mlcexpert.com,{first},inferred,high,2026-03-14T16:14:05.700Z
MMTH Studio,mmth.co,{first}.{last},fallback,low,2026-03-14T15:56:21.412Z
MINDS + ASSEMBLY,mna.co,{first}.{last},inferred,high,2026-03-14T16:14:05.700Z
MONDIAL,mndl.com,{first}.{last},fallback,low,2026-03-14T15:56:21.412Z
Midnight Oil,moagency.com,{f}{last},inferred,high,2026-03-14T16:14:05.700Z
Mob Scene,mobscene.com,{first}.{last},inferred,high,2026-03-14T16:14:05.700Z
MOCEAN,moceanla.com,{first}.{last},inferred,high,2026-03-14T16:14:05.700Z
Moms First,momsfirst.us,{first},inferred,high,2026-03-14T16:14:05.700Z
MRM,mrm.com,{first}.{last},inferred,high,2026-03-14T16:14:05.700Z
MikeWorldWide,mww.com,{f}{last},inferred,high,2026-03-14T16:14:05.700Z
NantStudios,nantstudios.com,{first}.{last},inferred,high,2026-03-14T16:14:05.700Z
FCBCURE | An IPG Health Company,neon-nyc.com,{first}.{last},fallback,low,2026-03-14T15:56:21.412Z
Nice + Company,niceandcompany.com,{first}{last},inferred,high,2026-03-14T16:14:05.700Z
nice&frank,niceandfrank.com,{first}_{last},inferred,high,2026-03-14T16:14:05.700Z
Nice Shoes,niceshoes.com,{f}{l},inferred,high,2026-03-14T16:14:05.700Z
NirAndFar.com,nirandfar.com,{first},inferred,high,2026-03-14T16:14:05.700Z
Normal. (Production Company I Creative Agency),normal.tv,{first},inferred,high,2026-03-14T16:14:05.700Z
Notion,notion.com,{first}.{last},fallback,low,2026-03-14T15:56:21.412Z
Ntropic,ntropic.com,{first}{l},inferred,high,2026-03-14T16:14:05.700Z
OC Creative,occreates.com,{first},inferred,high,2026-03-14T16:14:05.700Z
october.tv,october.tv,{f}{l},inferred,high,2026-03-14T16:14:05.700Z
OGK Creative,ogkcreative.com,{first}.{last},fallback,low,2026-03-14T15:56:21.412Z
"Ok, Friend.",okfriend.work,{first},inferred,high,2026-03-14T16:14:05.700Z
Okperfect,okperfect.com,{first},inferred,high,2026-03-14T16:14:05.700Z
ON BRAND Creative Agency,onbrandca.com,{first}.{last},fallback,low,2026-03-14T15:56:21.412Z
One More Game,onemoregame.com,{first},inferred,high,2026-03-14T16:14:05.700Z
OneTen Creative,oneten-creative.com,{first}.{last},fallback,low,2026-03-14T15:56:21.412Z
RF Studio53,osmosisfilms.com,{first}.{last},inferred,high,2026-03-14T16:14:05.700Z
Otis Elevator Co.,otis.com,{first}.{last},inferred,high,2026-03-14T16:14:05.700Z
Out of Home Creative,outofhomecreative.com,{first},inferred,high,2026-03-14T16:14:05.700Z
Pace,paceco.com,{first}.{last},inferred,high,2026-03-14T16:14:05.700Z
Party Land,partyland.co,{first}.{last},inferred,high,2026-03-14T16:14:05.700Z
Pennant Video,pennant.video,{first}.{last},fallback,low,2026-03-14T15:56:21.412Z
Percival and Associates,percivalandassociates.com,{first},inferred,high,2026-03-14T16:14:05.700Z
Marketing Agency,piscesholding.com,{first},inferred,high,2026-03-14T16:14:05.700Z
Pivot Design,pivotdesign.com,{first},inferred,high,2026-03-14T16:14:05.700Z
"Pixallure Design, LLC",pixallure.com,{f}{last},inferred,high,2026-03-14T16:14:05.700Z
Pixel Farm,pixelfarm.com,{f}{last},inferred,high,2026-03-14T16:14:05.700Z
Planet Super Studios,planetsuperstudios.com,{first},inferred,high,2026-03-14T16:14:05.700Z
"PLAYLAB, INC.",playlab.org,{first},inferred,high,2026-03-14T16:14:05.700Z
PodiumCraft,podiumcraft.com,{first}.{last},fallback,low,2026-03-14T15:56:21.412Z
Porygon Studios LLC,porygonstudios.com,{f}.{last},inferred,high,2026-03-14T16:14:05.700Z
Potion Projects,potionprojects.com,{first},inferred,high,2026-03-14T16:14:05.700Z
Practice Builders,practicebuilders.com,{first}.{last},fallback,low,2026-03-14T15:56:21.412Z
Praytell,praytellagency.com,{first}.{last},inferred,high,2026-03-14T16:14:05.700Z
Preston Spire,prestonspire.com,{first}.{last},fallback,low,2026-03-14T15:56:21.412Z
Process Creative,processcreative.co,{first},inferred,high,2026-03-14T16:14:05.700Z
Production Club,production.club,{first}.{last},fallback,low,2026-03-14T15:56:21.412Z
PROPELLER,propellercommunicates.com,{first}.{last},fallback,low,2026-03-14T15:56:21.412Z
Prosek Partners,prosek.com,{f}{last},inferred,high,2026-03-14T16:14:05.700Z
"Public School, creative studio",public-school.com,{last},inferred,high,2026-03-14T16:14:05.700Z
Publicis Health,publicishealth.com,{first}.{last},fallback,low,2026-03-14T15:56:21.412Z
Q.Digital,q.digital,{first},inferred,high,2026-03-14T16:14:05.700Z
Racepoint Global,racepointglobal.com,{f}{last},inferred,high,2026-03-14T16:14:05.700Z
RadicalMedia,radicalmedia.com,{last},inferred,high,2026-03-14T16:14:05.700Z
Radley Studios,radleystudios.tv,{first},inferred,high,2026-03-14T16:14:05.700Z
RallyCry,rallycry.agency,{first},inferred,high,2026-03-14T16:14:05.700Z
Rambow Studio,rambow.studio,{first},inferred,high,2026-03-14T16:14:05.700Z
Real Original,realoriginal.co,{first},inferred,high,2026-03-14T16:14:05.700Z
RECOGNIZE,recognize.com,{first}.{last},fallback,low,2026-03-14T15:56:21.412Z
redGiant Creative™,redgiantcreative.com,{first}.{last},inferred,high,2026-03-14T16:14:05.700Z
The Retail Doctor®,retaildoc.com,{first},inferred,high,2026-03-14T16:14:05.700Z
Rhubarb,rhubarbagency.com,{first},inferred,high,2026-03-14T16:14:05.700Z
Rightmind Advertising,rightmindads.com,{first},inferred,high,2026-03-14T16:14:05.700Z
RITTA,ritta.com,{first},inferred,high,2026-03-14T16:14:05.700Z
Rock Creek Productions,rock-creek.com,{first},inferred,high,2026-03-14T16:14:05.700Z
ROJEK Consulting,rojekconsulting.com,{f}{last},inferred,high,2026-03-14T16:14:05.700Z
Rosewood Creative,rosewoodcreative.com,{f}{l},inferred,high,2026-03-14T16:14:05.700Z
Roundhouse,roundhouseagency.com,{first}.{last},fallback,low,2026-03-14T15:56:21.412Z
Royal Ink,royalinkdesign.com,{first},inferred,high,2026-03-14T16:14:05.700Z
RP3 Agency,rp3agency.com,{f}{last},inferred,high,2026-03-14T16:14:05.700Z
RPA,rpa.com,{f}{last},inferred,high,2026-03-14T16:14:05.700Z
RSM | Retail Sports Marketing,rsmbiz.com,{first}{l},inferred,high,2026-03-14T16:14:05.700Z
Red Tettemer O'Connell + Partners,rtop.com,{f}{last},inferred,high,2026-03-14T16:14:05.700Z
Rule29,rule29.com,{first},inferred,high,2026-03-14T16:14:05.700Z
RXMOSAIC,rxmosaic.com,{first}.{last},inferred,high,2026-03-14T16:14:05.700Z
Ryan Saghian Interior Design Studio,ryansaghian.com,{first},inferred,high,2026-03-14T16:14:05.700Z
SARANKCO: Creative Studio,sarankco.com,{first}.{last},inferred,high,2026-03-14T16:14:05.700Z
Sawhorse Productions,sawhorsela.com,{first},inferred,high,2026-03-14T16:14:05.700Z
Saywhat,saywhat.ai,{first},inferred,high,2026-03-14T16:14:05.700Z
SCAD Media,scad-media.com,{first},inferred,high,2026-03-14T16:14:05.700Z
The Scott & Miller Group,scottandmiller.com,{first},inferred,high,2026-03-14T16:14:05.700Z
Scout Digital,scoutdigital.co,{first},inferred,high,2026-03-14T16:14:05.700Z
Scribewise,scribewise.com,{first},inferred,high,2026-03-14T16:14:05.700Z
Select,selectdesign.com,{f}{last},inferred,high,2026-03-14T16:14:05.700Z
Seven Seven Six 7️⃣7️⃣6️⃣,sevensevensix.com,{first}.{last},fallback,low,2026-03-14T15:56:21.412Z
Powerplay Design Studio,sfpowerplay.com,{first},inferred,high,2026-03-14T16:14:05.700Z
SGW Integrated Marketing,sgw.com,{f}{last},inferred,high,2026-03-14T16:14:05.700Z
Shark Communications,sharkcomm.com,{first}.{last},fallback,low,2026-03-14T15:56:21.412Z
SheStrikes,shestrikes.co,{first},inferred,high,2026-03-14T16:14:05.700Z
Shinebox,shinebox.com,{first},inferred,high,2026-03-14T16:14:05.700Z
Shine United,shineunited.com,{f}{last},inferred,high,2026-03-14T16:14:05.700Z
"Show Imaging, Inc.",showimaging.com,{f}{last},inferred,high,2026-03-14T16:14:05.700Z
SHRM,shrm.org,{first}.{last},inferred,high,2026-03-14T16:14:05.700Z
Simple Concepts,simple-concepts.com,{first},inferred,high,2026-03-14T16:14:05.700Z
Simply180,simply180.com,{first},inferred,high,2026-03-14T16:14:05.700Z
Skycar Creative,skycar.tv,{first},inferred,high,2026-03-14T16:14:05.700Z
Steve LeVine Entertainment & Public Relations,slentertainment.com,{first},inferred,high,2026-03-14T16:14:05.700Z
SOS,sos.work,{first}.{last},fallback,low,2026-03-14T15:56:21.412Z
SPACEJUNK,spacejunk.com,{f}{last},inferred,high,2026-03-14T16:14:05.700Z
SPARK,spark.us,{first},inferred,high,2026-03-14T16:14:05.700Z
Spool,spoolmarketing.com,{first}.{last},inferred,high,2026-03-14T16:14:05.700Z
Spot Content Studio,spot.studio,{first},inferred,high,2026-03-14T16:14:05.700Z
Square Melon Communications,squaremelon.com,{first},inferred,high,2026-03-14T16:14:05.700Z
StackCommerce,stackcommerce.com,{first}.{last},inferred,high,2026-03-14T16:14:05.700Z
STADIUM,stadiumcreativegroup.com,{first},inferred,high,2026-03-14T16:14:05.700Z
Stage3 Agency / S3 MediaWorks,stage3agency.com,{first}.{last},inferred,high,2026-03-14T16:14:05.700Z
Standard Wonder Group,standardwonder.com,{first},inferred,high,2026-03-14T16:14:05.700Z
Steelhead.TV,steelhead.tv,{first}.{last},inferred,high,2026-03-14T16:14:05.700Z
Stellar Hawk,stellarhawk.tv,{first}.{last},fallback,low,2026-03-14T15:56:21.412Z
Stephens Direct,stephensdirect.com,{first}.{last},inferred,high,2026-03-14T16:14:05.700Z
Stept Studios,steptstudios.com,{first}.{last},inferred,high,2026-03-14T16:14:05.700Z
Studio490 Digital Marketing,studio490.com,{first},inferred,high,2026-03-14T16:14:05.700Z
Studio Dwell | Interior Design Studio | Luxury Home & Commercial Design,studiodwell.net,{first}.{l},inferred,high,2026-03-14T16:14:05.700Z
Studio Eight MN,studioeightmn.com,{f}{last},inferred,high,2026-03-14T16:14:05.700Z
Studio Luniste | Photo + Video,studioluniste.com,{first},inferred,high,2026-03-14T16:14:05.700Z
"Substance Media, Inc.",substance.agency,{first},inferred,high,2026-03-14T16:14:05.700Z
SuperBloom House,superbloomhouse.com,{first}.{last},inferred,high,2026-03-14T16:14:05.700Z
Superconductor®,superconductor.tv,{first}.{last},inferred,high,2026-03-14T16:14:05.700Z
SUPERCOOL CREATIVE AGENCY - FUNNY TV AND VIDEO ADS!,supercoolcreative.com,{first},inferred,high,2026-03-14T16:14:05.700Z
Swanson Russell,swansonrussell.com,{first}{l},inferred,high,2026-03-14T16:14:05.700Z
Swanson Studio,swansonstudio.us,{first},inferred,high,2026-03-14T16:14:05.700Z
Swing Set Productions,swingsetproductions.com,{first},inferred,high,2026-03-14T16:14:05.700Z
Todd Allen Design,tadesign.com,{first}.{last},fallback,low,2026-03-14T15:56:21.412Z
TAG Strategies,tagstrategies.co,{last},inferred,high,2026-03-14T16:14:05.700Z
Take7 Productions,take7productions.com,{f}{last},inferred,high,2026-03-14T16:14:05.700Z
Taoti Creative,taoti.com,{f}{last},inferred,high,2026-03-14T16:14:05.700Z
TariffNinja,tariffninja.com,{first},inferred,high,2026-03-14T16:14:05.700Z
Tatanka Creative LLC,tatankacreative.com,{first},inferred,high,2026-03-14T16:14:05.700Z
TBWA\Chiat\Day,tbwachiatday.com,{first}.{last},fallback,low,2026-03-14T15:56:21.412Z
Two Doors Down Productions,tdd.productions,{first},inferred,high,2026-03-14T16:14:05.700Z
"Tom, Dick & Harry",tdhcreative.com,{f}{last},inferred,high,2026-03-14T16:14:05.700Z
Conan,teamcoco.com,{first},inferred,high,2026-03-14T16:14:05.700Z
Highwire,teamhighwire.com,{first}.{last},inferred,high,2026-03-14T16:14:05.700Z
Team One,teamone-usa.com,{first}.{last},inferred,high,2026-03-14T16:14:05.700Z
Team Whistle,teamwhistle.com,{f}{last},inferred,high,2026-03-14T16:14:05.700Z
Team Win Studios,teamwinstudios.com,{first}.{last},inferred,high,2026-03-14T16:14:05.700Z
Tenova LLC,tenovallc.com,{first}.{last},inferred,high,2026-03-14T16:14:05.700Z
Tension Division,tensiondivision.com,{first}.{last},fallback,low,2026-03-14T15:56:21.412Z
Ten Stories,tenstories.com,{first},inferred,high,2026-03-14T16:14:05.700Z
"The Ad Agency, LLC",theadpros.com,{first},inferred,high,2026-03-14T16:14:05.700Z
The Barn - A Creative Branding Agency,thebarncreative.org,{first},inferred,high,2026-03-14T16:14:05.700Z
BOYER,theboyers.co,{first},inferred,high,2026-03-14T16:14:05.700Z
The Creative Block,thecreativeblock.marketing,{first},inferred,high,2026-03-14T16:14:05.700Z
The Cyphers Agency,thecyphersagency.com,{first},inferred,high,2026-03-14T16:14:05.700Z
THE DISTILLERY | Creative Agency,thedistillery.us,{first},inferred,high,2026-03-14T16:14:05.700Z
Ferguson,theferg.com,{first}.{last},fallback,low,2026-03-14T15:56:21.412Z
The Forge,theforge-media.com,{first},inferred,high,2026-03-14T16:14:05.700Z
The Goondocks,thegoondocks.tv,{first}.{last},fallback,low,2026-03-14T15:56:21.412Z
The Honos Group,thehonosgroup.com,{first},inferred,high,2026-03-14T16:14:05.700Z
The Marketing Machine,themmachine.com,{first},inferred,high,2026-03-14T16:14:05.700Z
Theory Ventures,theoryvc.com,{first}.{last},fallback,low,2026-03-14T15:56:21.412Z
The Shop,theshopagency.com,{first},inferred,high,2026-03-14T16:14:05.700Z
Signal Factory,thesignalfactory.com,{first},inferred,high,2026-03-14T16:14:05.700Z
TWINOAKS,thetwinoaks.com,{first}.{last},inferred,high,2026-03-14T16:14:05.700Z
ThinkSpark Inc.,thinksparkinc.com,{first},inferred,high,2026-03-14T16:14:05.700Z
Digital Kitchen,thisisdk.com,{f}{last},inferred,high,2026-03-14T16:14:05.700Z
OBERLAND,thisisoberland.com,{first},inferred,high,2026-03-14T16:14:05.700Z
Outcast,thisisoutcast.com,{f}{last},inferred,high,2026-03-14T16:14:05.700Z
Tic Toc Games,tictocgames.com,{first},inferred,high,2026-03-14T16:14:05.700Z
TINY HERO,tinyhero.com,{first}.{last},inferred,high,2026-03-14T16:14:05.700Z
TNH Ad Agency,tnhagency.com,{first}.{last},inferred,high,2026-03-14T16:14:05.700Z
toddstreet,toddstreet.com,{f}{last},inferred,high,2026-03-14T16:14:05.700Z
Tombras,tombras.com,{f}{last},inferred,high,2026-03-14T16:14:05.700Z
Toy Robot Media,toyrobotmedia.com,{first},inferred,high,2026-03-14T16:14:05.700Z
The People's Creative Agency,tpcagency.co,{first},inferred,high,2026-03-14T16:14:05.700Z
Trailer Park Group,trailerparkgroup.com,{first}.{last},inferred,high,2026-03-14T16:14:05.700Z
TRG Multimedia,trgmultimedia.com,{f}{last},inferred,high,2026-03-14T16:14:05.700Z
Triglass Productions,triglassproductions.com,{first}.{last},fallback,low,2026-03-14T15:56:21.412Z
Trio Solutions Inc. (TRIO),trio-solutions.com,{first},inferred,high,2026-03-14T16:14:05.700Z
TriVision,trivision.com,{first},inferred,high,2026-03-14T16:14:05.700Z
Trollbäck+Company,trollback.com,{first},inferred,high,2026-03-14T16:14:05.700Z
Triple Threat Communications,ttchealth.com,{f}{last},inferred,high,2026-03-14T16:14:05.700Z
TUX,tux.co,{first},inferred,high,2026-03-14T16:14:05.700Z
Two Fresh Creative,twofresh.tv,{first},inferred,high,2026-03-14T16:14:05.700Z
Tyler Perry Studios,tylerperry.com,{f}{last},inferred,high,2026-03-14T16:14:05.700Z
Uber,uber.com,{f}{l},inferred,high,2026-03-14T16:14:05.700Z
Umault,umault.com,{first},inferred,high,2026-03-14T16:14:05.700Z
United States Olympic & Paralympic Committee,usopc.org,{first}.{l},inferred,high,2026-03-14T16:14:05.700Z
U.S. Department of Veterans Affairs,va.gov,{first}.{last},inferred,high,2026-03-14T16:14:05.700Z
VehicleSF,vehiclesf.com,{first},inferred,high,2026-03-14T16:14:05.700Z
Paramount Brand Studio,velocityparamount.com,{first}.{last},fallback,low,2026-03-14T15:56:21.412Z
Veneer Studio,veneerstudio.com,{first},inferred,high,2026-03-14T16:14:05.700Z
Verken,verken.co,{first},inferred,high,2026-03-14T16:14:05.700Z
Veronica Studio + Production,veronica.studio,{first},inferred,high,2026-03-14T16:14:05.700Z
VFX Direct | Creative Agency,vfxdirect.com,{first},inferred,high,2026-03-14T16:14:05.700Z
VISION MILLENNIUM,visionmillennium.com,{first}.{last},fallback,low,2026-03-14T15:56:21.412Z
Visualeyes,visualeyes.agency,{first}.{last},fallback,low,2026-03-14T15:56:21.412Z
VNM USA,vnmusa.com,{first}.{last},fallback,low,2026-03-14T15:56:21.412Z
Walton Isaacson,waltonisaacson.com,{first}.{last},inferred,high,2026-03-14T16:14:05.700Z
Warm & Fuzzy,warmnfuzzy.tv,{first}.{last},fallback,low,2026-03-14T15:56:21.412Z
Ways & Means,ways-means.co,{first},inferred,high,2026-03-14T16:14:05.700Z
Archer,wearearcher.com,{first}.{last},fallback,low,2026-03-14T15:56:21.412Z
Cheeky,wearecheeky.agency,{first},inferred,high,2026-03-14T16:14:05.700Z
Heartbeat,weareheartbeat.com,{first}.{last},fallback,low,2026-03-14T15:56:21.412Z
MANUFACTURE,wearemanufacture.com,{first},inferred,high,2026-03-14T16:14:05.700Z
Moon Rabbit,wearemoonrabbit.com,{first}.{last},inferred,high,2026-03-14T16:14:05.700Z
NOX Media,wearenox.com,{first},inferred,high,2026-03-14T16:14:05.700Z
Toilet Paper Concept Shop,wearetoiletpaper.com,{first},inferred,high,2026-03-14T16:14:05.700Z
Weekend Fund,weekend.fund,{first},inferred,high,2026-03-14T16:14:05.700Z
Weekend Post House,weekendposthouse.com,{first},inferred,high,2026-03-14T16:14:05.700Z
What's Really Possible,whatsreallypossible.com,{first},inferred,high,2026-03-14T16:14:05.700Z
Whitebox Design Agency,whiteboxagency.com,{first},inferred,high,2026-03-14T16:14:05.700Z
Wilderness™,wildernessoffice.com,{first}.{last},fallback,low,2026-03-14T15:56:21.412Z
Wildlife,wildlife.la,{first},inferred,high,2026-03-14T16:14:05.700Z
Wildtype Health,wildtypehealth.com,{first}.{last},fallback,low,2026-03-14T15:56:21.412Z
NetworkAI by Wonsulting,wonsulting.com,{first},inferred,high,2026-03-14T16:14:05.700Z
Workshop Creative,workshopcreative.net,{first},inferred,high,2026-03-14T16:14:05.700Z
Woven Health Collective,wovenhc.com,{first}.{last},fallback,low,2026-03-14T15:56:21.412Z
The Wright Group,wrightgroupusa.com,{first}{l},inferred,high,2026-03-14T16:14:05.700Z
WTBR (Where The Buffalo Roam),wtbr.tv,{first},inferred,high,2026-03-14T16:14:05.700Z
Xavier Creative House (XCH),xaviercreative.com,{first}.{last},fallback,low,2026-03-14T15:56:21.412Z
XPLR.NASH,xplrnash.com,{first},inferred,high,2026-03-14T16:14:05.700Z
XVP Studios,xvpstudios.com,{first},inferred,high,2026-03-14T16:14:05.700Z
Yes& Agency,yesandagency.com,{f}{last},inferred,high,2026-03-14T16:14:05.700Z
Mindset Masters Marketing Agency,youbelongstrong.com,{first},inferred,high,2026-03-14T16:14:05.700Z
Youtech,youtechagency.com,{first},inferred,high,2026-03-14T16:14:05.700Z
Young & Rubicam,yr.com,{first}.{last},inferred,high,2026-03-14T16:14:05.700Z
Zeax Creative Agency,zeax.co,{first},inferred,high,2026-03-14T16:14:05.700Z
Zimmer Biomet,zimmerbiomet.com,{first}.{last},inferred,high,2026-03-14T16:14:05.700Z
